"Product Id","Seller Id","Product Title","Current Price","Original price","Discount","Orders","Product Image","Product Link","Product rate","Product Stars"
"1005001723025465","231002238","TWS Bluetooth 5.0 Earphones 3500mAh Charging Box Wireless Headphone 9D Stereo Sports Waterproof Earbuds Headsets With Microphone","US $6.27","US $24.12","74","53158","//ae01.alicdn.com/kf/H340b9f25ca8a4cbd83917726c5b7dc71j.jpg_350x350.jpg","//www.aliexpress.com/item/1005001723025465.html?pdp_ext_f=%7B%22sku_id%22:%2212000018639214201%22,%22ship_from%22:%22%22%7D&gps-id=5547572&scm=1007.19201.130907.0&scm_id=1007.19201.130907.0&scm-url=1007.19201.130907.0&pvid=acfb97ed-94fa-41a4-9ad4-1b06088b77d8","0.0","4.8"
"1005001661155301","244132036","GROINNEYA Eyelashes 5/8/10/20 pairs 3D Faux Mink Lashes Natural False Eyelashes Dramatic Volume Lashes Makeup Eyelash Extension","US $0.01","US $1.83","99","2435","//ae01.alicdn.com/kf/Hf899ed4357fe47cc8318056d37dbc7db8.jpg_350x350.jpg","//www.aliexpress.com/item/1005001661155301.html?pdp_ext_f=%7B%22sku_id%22:%2212000017032039697%22,%22ship_from%22:%22CN%22%7D&gps-id=5547572&scm=1007.19201.130907.0&scm_id=1007.19201.130907.0&scm-url=1007.19201.130907.0&pvid=acfb97ed-94fa-41a4-9ad4-1b06088b77d8","0.0","4.9"
"1005002466096506","222011717","Straight Lace Front Human Hair Wigs for Women 30 40 Inch Brazilian Natural Hd Glueless Full Transparent 13x4 Lace Frontal Wig","US $96.88","US $193.76","50","887","//ae01.alicdn.com/kf/Hd8120477fe9b4fa1ba640c030aa5fca6a.jpg_350x350.jpg","//www.aliexpress.com/item/1005002466096506.html?pdp_ext_f=%7B%22sku_id%22:%2212000021441369547%22,%22ship_from%22:%22US%22%7D&gps-id=5547572&scm=1007.19201.130907.0&scm_id=1007.19201.130907.0&scm-url=1007.19201.130907.0&pvid=acfb97ed-94fa-41a4-9ad4-1b06088b77d8","0.0","5.0"
"1005002034148124","120456550","Bob Wig Short Brazilian Bone Straight Cheap Human Hair Wigs For Black Women Black Wig T Part Lace Bob Human Hair Wig Pre Plucked","US $56.84","US $116.00","51","1468","//ae01.alicdn.com/kf/H8c55b5afedd14d48b65beb974505d13bL.jpg_350x350.jpg","//www.aliexpress.com/item/1005002034148124.html?pdp_ext_f=%7B%22sku_id%22:%2212000018486794744%22,%22ship_from%22:%22US%22%7D&gps-id=5547572&scm=1007.19201.130907.0&scm_id=1007.19201.130907.0&scm-url=1007.19201.130907.0&pvid=acfb97ed-94fa-41a4-9ad4-1b06088b77d8","0.0","4.8"
"1005002821799036","243490362","World Premiere Xiaomi Redmi Buds 3 Pro TWS Bluetooth Earphones Wireless headphones 35dB ANC Dual-device  Redmi Airdots 3 Pro","US $49.99","US $99.98","50","8260","//ae01.alicdn.com/kf/He7e58a948a4d46a88f9510a7524160fbZ.jpg_350x350.jpg","//www.aliexpress.com/item/1005002821799036.html?pdp_ext_f=%7B%22sku_id%22:%2212000022344467449%22,%22ship_from%22:%22CN%22%7D&gps-id=5547572&scm=1007.19201.130907.0&scm_id=1007.19201.130907.0&scm-url=1007.19201.130907.0&pvid=acfb97ed-94fa-41a4-9ad4-1b06088b77d8","0.0","0.0"
"1005002613570665","251648108","30Pcs/Set 3D Colorful Butterfly Nail Foil Stickers Flower Brand Designs Self Adhesive Decals Manicure Nail Art Decorations","US $0.99","US $6.76","85","2862","//ae01.alicdn.com/kf/H96aac8f7e6fe4f4a9b48f10c43619002J.jpg_350x350.jpg","//www.aliexpress.com/item/1005002613570665.html?pdp_ext_f=%7B%22sku_id%22:%2212000021398470716%22,%22ship_from%22:%22CN%22%7D&gps-id=5547572&scm=1007.19201.130907.0&scm_id=1007.19201.130907.0&scm-url=1007.19201.130907.0&pvid=acfb97ed-94fa-41a4-9ad4-1b06088b77d8","0.0","4.8"
"4000517004580","228754193","Deep Tissue Muscle Massage Gun Body Shoulder Back Neck Massager Exercising Athletes Relaxation Slimming Shaping Pain Relief","US $41.09","US $102.72","60","32484","//ae01.alicdn.com/kf/H52b540a8f64144fc9842032a1439ea041.jpg_350x350.jpg","//www.aliexpress.com/item/4000517004580.html?pdp_ext_f=%7B%22sku_id%22:%2212000016191808432%22,%22ship_from%22:%22ES%22%7D&gps-id=5547572&scm=1007.19201.130907.0&scm_id=1007.19201.130907.0&scm-url=1007.19201.130907.0&pvid=acfb97ed-94fa-41a4-9ad4-1b06088b77d8","0.0","4.9"
"32982338666","232071719","CURREN Casual Sport Watches for Men Blue Top Brand Luxury Military Leather Wrist Watch Man Clock Fashion Chronograph Wristwatch","US $19.19","US $239.90","92","11752","//ae01.alicdn.com/kf/H391b315a25064cfcbe5a2341dd12f8d51.jpg_350x350.jpg","//www.aliexpress.com/item/32982338666.html?pdp_ext_f=%7B%22sku_id%22:%2212000020564056666%22,%22ship_from%22:%22CN%22%7D&gps-id=5547572&scm=1007.19201.130907.0&scm_id=1007.19201.130907.0&scm-url=1007.19201.130907.0&pvid=acfb97ed-94fa-41a4-9ad4-1b06088b77d8","0.0","4.8"
"1005002278750230","248285832","LIGE 2021 New Smart Watch Men Full Touch Screen Sport Fitness Watch IP67 Waterproof Bluetooth For Android ios smartwatch Men+box","US $22.21","US $138.83","84","24450","//ae01.alicdn.com/kf/H3194642cf29641eab1becd4353c1841dk.jpg_350x350.jpg","//www.aliexpress.com/item/1005002278750230.html?pdp_ext_f=%7B%22sku_id%22:%2212000019885913794%22,%22ship_from%22:%22ES%22%7D&gps-id=5547572&scm=1007.19201.130907.0&scm_id=1007.19201.130907.0&scm-url=1007.19201.130907.0&pvid=acfb97ed-94fa-41a4-9ad4-1b06088b77d8","0.0","4.7"
"33053423333","228190410","Women Casual Shoes Fashion Breathable Walking Mesh Flat Shoes Woman White Sneakers Women 2020 Tenis Feminino Female Shoes","US $8.72","US $23.57","63","10950","//ae01.alicdn.com/kf/H7a51b41c93474ec5be4e5c923dc06558x.jpg_350x350.jpg","//www.aliexpress.com/item/33053423333.html?pdp_ext_f=%7B%22sku_id%22:%2210000006274586913%22,%22ship_from%22:%22%22%7D&gps-id=5547572&scm=1007.19201.130907.0&scm_id=1007.19201.130907.0&scm-url=1007.19201.130907.0&pvid=acfb97ed-94fa-41a4-9ad4-1b06088b77d8","0.0","4.8"
"1005001571582464","238075576","Men's Belt Army Outdoor Hunting Tactical Multi Function Combat Survival High Quality Marine Corps Canvas For Nylon Male Luxury","US $1.99","US $9.98","80","48238","//ae01.alicdn.com/kf/H360c95696eb74abfb9d0baa905d6c41eK.jpg_350x350.jpg","//www.aliexpress.com/item/1005001571582464.html?pdp_ext_f=%7B%22sku_id%22:%2212000021414832519%22,%22ship_from%22:%22CN%22%7D&gps-id=5547572&scm=1007.19201.130907.0&scm_id=1007.19201.130907.0&scm-url=1007.19201.130907.0&pvid=acfb97ed-94fa-41a4-9ad4-1b06088b77d8","0.0","4.7"
"1005001882938728","231289141","5/10 Pair 3D Mink Eyelashes Fluffy Dramatic Eyelashes Makeup Wispy Mink Lashes Natural Long False Eyelashes Thick Fake Lashes","US $1.79","US $3.19","44","3584","//ae01.alicdn.com/kf/Hacf7682e968d48ccad31659553836de2N.jpg_350x350.jpg","//www.aliexpress.com/item/1005001882938728.html?pdp_ext_f=%7B%22sku_id%22:%2212000018006255478%22,%22ship_from%22:%22%22%7D&gps-id=5547572&scm=1007.19201.130907.0&scm_id=1007.19201.130907.0&scm-url=1007.19201.130907.0&pvid=acfb97ed-94fa-41a4-9ad4-1b06088b77d8","0.0","4.9"
"1005001723025465","231002238","TWS Bluetooth 5.0 Earphones 3500mAh Charging Box Wireless Headphone 9D Stereo Sports Waterproof Earbuds Headsets With Microphone","US $6.27","US $24.12","74","53158","//ae01.alicdn.com/kf/H340b9f25ca8a4cbd83917726c5b7dc71j.jpg_350x350.jpg","//www.aliexpress.com/item/1005001723025465.html?pdp_ext_f=%7B%22sku_id%22:%2212000018639214201%22,%22ship_from%22:%22%22%7D&gps-id=5547572&scm=1007.19201.130907.0&scm_id=1007.19201.130907.0&scm-url=1007.19201.130907.0&pvid=acfb97ed-94fa-41a4-9ad4-1b06088b77d8","0.0","4.8"
"1005001661155301","244132036","GROINNEYA Eyelashes 5/8/10/20 pairs 3D Faux Mink Lashes Natural False Eyelashes Dramatic Volume Lashes Makeup Eyelash Extension","US $0.01","US $1.83","99","2435","//ae01.alicdn.com/kf/Hf899ed4357fe47cc8318056d37dbc7db8.jpg_350x350.jpg","//www.aliexpress.com/item/1005001661155301.html?pdp_ext_f=%7B%22sku_id%22:%2212000017032039697%22,%22ship_from%22:%22CN%22%7D&gps-id=5547572&scm=1007.19201.130907.0&scm_id=1007.19201.130907.0&scm-url=1007.19201.130907.0&pvid=acfb97ed-94fa-41a4-9ad4-1b06088b77d8","0.0","4.9"
"1005002466096506","222011717","Straight Lace Front Human Hair Wigs for Women 30 40 Inch Brazilian Natural Hd Glueless Full Transparent 13x4 Lace Frontal Wig","US $96.88","US $193.76","50","887","//ae01.alicdn.com/kf/Hd8120477fe9b4fa1ba640c030aa5fca6a.jpg_350x350.jpg","//www.aliexpress.com/item/1005002466096506.html?pdp_ext_f=%7B%22sku_id%22:%2212000021441369547%22,%22ship_from%22:%22US%22%7D&gps-id=5547572&scm=1007.19201.130907.0&scm_id=1007.19201.130907.0&scm-url=1007.19201.130907.0&pvid=acfb97ed-94fa-41a4-9ad4-1b06088b77d8","0.0","5.0"
"1005002034148124","120456550","Bob Wig Short Brazilian Bone Straight Cheap Human Hair Wigs For Black Women Black Wig T Part Lace Bob Human Hair Wig Pre Plucked","US $56.84","US $116.00","51","1468","//ae01.alicdn.com/kf/H8c55b5afedd14d48b65beb974505d13bL.jpg_350x350.jpg","//www.aliexpress.com/item/1005002034148124.html?pdp_ext_f=%7B%22sku_id%22:%2212000018486794744%22,%22ship_from%22:%22US%22%7D&gps-id=5547572&scm=1007.19201.130907.0&scm_id=1007.19201.130907.0&scm-url=1007.19201.130907.0&pvid=acfb97ed-94fa-41a4-9ad4-1b06088b77d8","0.0","4.8"
"1005002821799036","243490362","World Premiere Xiaomi Redmi Buds 3 Pro TWS Bluetooth Earphones Wireless headphones 35dB ANC Dual-device  Redmi Airdots 3 Pro","US $49.99","US $99.98","50","8260","//ae01.alicdn.com/kf/He7e58a948a4d46a88f9510a7524160fbZ.jpg_350x350.jpg","//www.aliexpress.com/item/1005002821799036.html?pdp_ext_f=%7B%22sku_id%22:%2212000022344467449%22,%22ship_from%22:%22CN%22%7D&gps-id=5547572&scm=1007.19201.130907.0&scm_id=1007.19201.130907.0&scm-url=1007.19201.130907.0&pvid=acfb97ed-94fa-41a4-9ad4-1b06088b77d8","0.0","0.0"
"1005002613570665","251648108","30Pcs/Set 3D Colorful Butterfly Nail Foil Stickers Flower Brand Designs Self Adhesive Decals Manicure Nail Art Decorations","US $0.99","US $6.76","85","2862","//ae01.alicdn.com/kf/H96aac8f7e6fe4f4a9b48f10c43619002J.jpg_350x350.jpg","//www.aliexpress.com/item/1005002613570665.html?pdp_ext_f=%7B%22sku_id%22:%2212000021398470716%22,%22ship_from%22:%22CN%22%7D&gps-id=5547572&scm=1007.19201.130907.0&scm_id=1007.19201.130907.0&scm-url=1007.19201.130907.0&pvid=acfb97ed-94fa-41a4-9ad4-1b06088b77d8","0.0","4.8"
"4000517004580","228754193","Deep Tissue Muscle Massage Gun Body Shoulder Back Neck Massager Exercising Athletes Relaxation Slimming Shaping Pain Relief","US $41.09","US $102.72","60","32484","//ae01.alicdn.com/kf/H52b540a8f64144fc9842032a1439ea041.jpg_350x350.jpg","//www.aliexpress.com/item/4000517004580.html?pdp_ext_f=%7B%22sku_id%22:%2212000016191808432%22,%22ship_from%22:%22ES%22%7D&gps-id=5547572&scm=1007.19201.130907.0&scm_id=1007.19201.130907.0&scm-url=1007.19201.130907.0&pvid=acfb97ed-94fa-41a4-9ad4-1b06088b77d8","0.0","4.9"
"32982338666","232071719","CURREN Casual Sport Watches for Men Blue Top Brand Luxury Military Leather Wrist Watch Man Clock Fashion Chronograph Wristwatch","US $19.19","US $239.90","92","11752","//ae01.alicdn.com/kf/H391b315a25064cfcbe5a2341dd12f8d51.jpg_350x350.jpg","//www.aliexpress.com/item/32982338666.html?pdp_ext_f=%7B%22sku_id%22:%2212000020564056666%22,%22ship_from%22:%22CN%22%7D&gps-id=5547572&scm=1007.19201.130907.0&scm_id=1007.19201.130907.0&scm-url=1007.19201.130907.0&pvid=acfb97ed-94fa-41a4-9ad4-1b06088b77d8","0.0","4.8"
"1005002278750230","248285832","LIGE 2021 New Smart Watch Men Full Touch Screen Sport Fitness Watch IP67 Waterproof Bluetooth For Android ios smartwatch Men+box","US $22.21","US $138.83","84","24450","//ae01.alicdn.com/kf/H3194642cf29641eab1becd4353c1841dk.jpg_350x350.jpg","//www.aliexpress.com/item/1005002278750230.html?pdp_ext_f=%7B%22sku_id%22:%2212000019885913794%22,%22ship_from%22:%22ES%22%7D&gps-id=5547572&scm=1007.19201.130907.0&scm_id=1007.19201.130907.0&scm-url=1007.19201.130907.0&pvid=acfb97ed-94fa-41a4-9ad4-1b06088b77d8","0.0","4.7"
"33053423333","228190410","Women Casual Shoes Fashion Breathable Walking Mesh Flat Shoes Woman White Sneakers Women 2020 Tenis Feminino Female Shoes","US $8.72","US $23.57","63","10950","//ae01.alicdn.com/kf/H7a51b41c93474ec5be4e5c923dc06558x.jpg_350x350.jpg","//www.aliexpress.com/item/33053423333.html?pdp_ext_f=%7B%22sku_id%22:%2210000006274586913%22,%22ship_from%22:%22%22%7D&gps-id=5547572&scm=1007.19201.130907.0&scm_id=1007.19201.130907.0&scm-url=1007.19201.130907.0&pvid=acfb97ed-94fa-41a4-9ad4-1b06088b77d8","0.0","4.8"
"1005001571582464","238075576","Men's Belt Army Outdoor Hunting Tactical Multi Function Combat Survival High Quality Marine Corps Canvas For Nylon Male Luxury","US $1.99","US $9.98","80","48238","//ae01.alicdn.com/kf/H360c95696eb74abfb9d0baa905d6c41eK.jpg_350x350.jpg","//www.aliexpress.com/item/1005001571582464.html?pdp_ext_f=%7B%22sku_id%22:%2212000021414832519%22,%22ship_from%22:%22CN%22%7D&gps-id=5547572&scm=1007.19201.130907.0&scm_id=1007.19201.130907.0&scm-url=1007.19201.130907.0&pvid=acfb97ed-94fa-41a4-9ad4-1b06088b77d8","0.0","4.7"
"1005001882938728","231289141","5/10 Pair 3D Mink Eyelashes Fluffy Dramatic Eyelashes Makeup Wispy Mink Lashes Natural Long False Eyelashes Thick Fake Lashes","US $1.79","US $3.19","44","3584","//ae01.alicdn.com/kf/Hacf7682e968d48ccad31659553836de2N.jpg_350x350.jpg","//www.aliexpress.com/item/1005001882938728.html?pdp_ext_f=%7B%22sku_id%22:%2212000018006255478%22,%22ship_from%22:%22%22%7D&gps-id=5547572&scm=1007.19201.130907.0&scm_id=1007.19201.130907.0&scm-url=1007.19201.130907.0&pvid=acfb97ed-94fa-41a4-9ad4-1b06088b77d8","0.0","4.9"
"1005001723025465","231002238","TWS Bluetooth 5.0 Earphones 3500mAh Charging Box Wireless Headphone 9D Stereo Sports Waterproof Earbuds Headsets With Microphone","US $6.27","US $24.12","74","53158","//ae01.alicdn.com/kf/H340b9f25ca8a4cbd83917726c5b7dc71j.jpg_350x350.jpg","//www.aliexpress.com/item/1005001723025465.html?pdp_ext_f=%7B%22sku_id%22:%2212000018639214201%22,%22ship_from%22:%22%22%7D&gps-id=5547572&scm=1007.19201.130907.0&scm_id=1007.19201.130907.0&scm-url=1007.19201.130907.0&pvid=acfb97ed-94fa-41a4-9ad4-1b06088b77d8","0.0","4.8"
"1005001661155301","244132036","GROINNEYA Eyelashes 5/8/10/20 pairs 3D Faux Mink Lashes Natural False Eyelashes Dramatic Volume Lashes Makeup Eyelash Extension","US $0.01","US $1.83","99","2435","//ae01.alicdn.com/kf/Hf899ed4357fe47cc8318056d37dbc7db8.jpg_350x350.jpg","//www.aliexpress.com/item/1005001661155301.html?pdp_ext_f=%7B%22sku_id%22:%2212000017032039697%22,%22ship_from%22:%22CN%22%7D&gps-id=5547572&scm=1007.19201.130907.0&scm_id=1007.19201.130907.0&scm-url=1007.19201.130907.0&pvid=acfb97ed-94fa-41a4-9ad4-1b06088b77d8","0.0","4.9"
"1005002466096506","222011717","Straight Lace Front Human Hair Wigs for Women 30 40 Inch Brazilian Natural Hd Glueless Full Transparent 13x4 Lace Frontal Wig","US $96.88","US $193.76","50","887","//ae01.alicdn.com/kf/Hd8120477fe9b4fa1ba640c030aa5fca6a.jpg_350x350.jpg","//www.aliexpress.com/item/1005002466096506.html?pdp_ext_f=%7B%22sku_id%22:%2212000021441369547%22,%22ship_from%22:%22US%22%7D&gps-id=5547572&scm=1007.19201.130907.0&scm_id=1007.19201.130907.0&scm-url=1007.19201.130907.0&pvid=acfb97ed-94fa-41a4-9ad4-1b06088b77d8","0.0","5.0"
"1005002034148124","120456550","Bob Wig Short Brazilian Bone Straight Cheap Human Hair Wigs For Black Women Black Wig T Part Lace Bob Human Hair Wig Pre Plucked","US $56.84","US $116.00","51","1468","//ae01.alicdn.com/kf/H8c55b5afedd14d48b65beb974505d13bL.jpg_350x350.jpg","//www.aliexpress.com/item/1005002034148124.html?pdp_ext_f=%7B%22sku_id%22:%2212000018486794744%22,%22ship_from%22:%22US%22%7D&gps-id=5547572&scm=1007.19201.130907.0&scm_id=1007.19201.130907.0&scm-url=1007.19201.130907.0&pvid=acfb97ed-94fa-41a4-9ad4-1b06088b77d8","0.0","4.8"
"1005002821799036","243490362","World Premiere Xiaomi Redmi Buds 3 Pro TWS Bluetooth Earphones Wireless headphones 35dB ANC Dual-device  Redmi Airdots 3 Pro","US $49.99","US $99.98","50","8260","//ae01.alicdn.com/kf/He7e58a948a4d46a88f9510a7524160fbZ.jpg_350x350.jpg","//www.aliexpress.com/item/1005002821799036.html?pdp_ext_f=%7B%22sku_id%22:%2212000022344467449%22,%22ship_from%22:%22CN%22%7D&gps-id=5547572&scm=1007.19201.130907.0&scm_id=1007.19201.130907.0&scm-url=1007.19201.130907.0&pvid=acfb97ed-94fa-41a4-9ad4-1b06088b77d8","0.0","0.0"
"1005002613570665","251648108","30Pcs/Set 3D Colorful Butterfly Nail Foil Stickers Flower Brand Designs Self Adhesive Decals Manicure Nail Art Decorations","US $0.99","US $6.76","85","2862","//ae01.alicdn.com/kf/H96aac8f7e6fe4f4a9b48f10c43619002J.jpg_350x350.jpg","//www.aliexpress.com/item/1005002613570665.html?pdp_ext_f=%7B%22sku_id%22:%2212000021398470716%22,%22ship_from%22:%22CN%22%7D&gps-id=5547572&scm=1007.19201.130907.0&scm_id=1007.19201.130907.0&scm-url=1007.19201.130907.0&pvid=acfb97ed-94fa-41a4-9ad4-1b06088b77d8","0.0","4.8"
"4000517004580","228754193","Deep Tissue Muscle Massage Gun Body Shoulder Back Neck Massager Exercising Athletes Relaxation Slimming Shaping Pain Relief","US $41.09","US $102.72","60","32484","//ae01.alicdn.com/kf/H52b540a8f64144fc9842032a1439ea041.jpg_350x350.jpg","//www.aliexpress.com/item/4000517004580.html?pdp_ext_f=%7B%22sku_id%22:%2212000016191808432%22,%22ship_from%22:%22ES%22%7D&gps-id=5547572&scm=1007.19201.130907.0&scm_id=1007.19201.130907.0&scm-url=1007.19201.130907.0&pvid=acfb97ed-94fa-41a4-9ad4-1b06088b77d8","0.0","4.9"
"32982338666","232071719","CURREN Casual Sport Watches for Men Blue Top Brand Luxury Military Leather Wrist Watch Man Clock Fashion Chronograph Wristwatch","US $19.19","US $239.90","92","11752","//ae01.alicdn.com/kf/H391b315a25064cfcbe5a2341dd12f8d51.jpg_350x350.jpg","//www.aliexpress.com/item/32982338666.html?pdp_ext_f=%7B%22sku_id%22:%2212000020564056666%22,%22ship_from%22:%22CN%22%7D&gps-id=5547572&scm=1007.19201.130907.0&scm_id=1007.19201.130907.0&scm-url=1007.19201.130907.0&pvid=acfb97ed-94fa-41a4-9ad4-1b06088b77d8","0.0","4.8"
"1005002278750230","248285832","LIGE 2021 New Smart Watch Men Full Touch Screen Sport Fitness Watch IP67 Waterproof Bluetooth For Android ios smartwatch Men+box","US $22.21","US $138.83","84","24450","//ae01.alicdn.com/kf/H3194642cf29641eab1becd4353c1841dk.jpg_350x350.jpg","//www.aliexpress.com/item/1005002278750230.html?pdp_ext_f=%7B%22sku_id%22:%2212000019885913794%22,%22ship_from%22:%22ES%22%7D&gps-id=5547572&scm=1007.19201.130907.0&scm_id=1007.19201.130907.0&scm-url=1007.19201.130907.0&pvid=acfb97ed-94fa-41a4-9ad4-1b06088b77d8","0.0","4.7"
"33053423333","228190410","Women Casual Shoes Fashion Breathable Walking Mesh Flat Shoes Woman White Sneakers Women 2020 Tenis Feminino Female Shoes","US $8.72","US $23.57","63","10950","//ae01.alicdn.com/kf/H7a51b41c93474ec5be4e5c923dc06558x.jpg_350x350.jpg","//www.aliexpress.com/item/33053423333.html?pdp_ext_f=%7B%22sku_id%22:%2210000006274586913%22,%22ship_from%22:%22%22%7D&gps-id=5547572&scm=1007.19201.130907.0&scm_id=1007.19201.130907.0&scm-url=1007.19201.130907.0&pvid=acfb97ed-94fa-41a4-9ad4-1b06088b77d8","0.0","4.8"
"1005001571582464","238075576","Men's Belt Army Outdoor Hunting Tactical Multi Function Combat Survival High Quality Marine Corps Canvas For Nylon Male Luxury","US $1.99","US $9.98","80","48238","//ae01.alicdn.com/kf/H360c95696eb74abfb9d0baa905d6c41eK.jpg_350x350.jpg","//www.aliexpress.com/item/1005001571582464.html?pdp_ext_f=%7B%22sku_id%22:%2212000021414832519%22,%22ship_from%22:%22CN%22%7D&gps-id=5547572&scm=1007.19201.130907.0&scm_id=1007.19201.130907.0&scm-url=1007.19201.130907.0&pvid=acfb97ed-94fa-41a4-9ad4-1b06088b77d8","0.0","4.7"
"1005001882938728","231289141","5/10 Pair 3D Mink Eyelashes Fluffy Dramatic Eyelashes Makeup Wispy Mink Lashes Natural Long False Eyelashes Thick Fake Lashes","US $1.79","US $3.19","44","3584","//ae01.alicdn.com/kf/Hacf7682e968d48ccad31659553836de2N.jpg_350x350.jpg","//www.aliexpress.com/item/1005001882938728.html?pdp_ext_f=%7B%22sku_id%22:%2212000018006255478%22,%22ship_from%22:%22%22%7D&gps-id=5547572&scm=1007.19201.130907.0&scm_id=1007.19201.130907.0&scm-url=1007.19201.130907.0&pvid=acfb97ed-94fa-41a4-9ad4-1b06088b77d8","0.0","4.9"
"1005001723025465","231002238","TWS Bluetooth 5.0 Earphones 3500mAh Charging Box Wireless Headphone 9D Stereo Sports Waterproof Earbuds Headsets With Microphone","US $6.27","US $24.12","74","53158","//ae01.alicdn.com/kf/H340b9f25ca8a4cbd83917726c5b7dc71j.jpg_350x350.jpg","//www.aliexpress.com/item/1005001723025465.html?pdp_ext_f=%7B%22sku_id%22:%2212000018639214201%22,%22ship_from%22:%22%22%7D&gps-id=5547572&scm=1007.19201.130907.0&scm_id=1007.19201.130907.0&scm-url=1007.19201.130907.0&pvid=acfb97ed-94fa-41a4-9ad4-1b06088b77d8","0.0","4.8"
"1005001661155301","244132036","GROINNEYA Eyelashes 5/8/10/20 pairs 3D Faux Mink Lashes Natural False Eyelashes Dramatic Volume Lashes Makeup Eyelash Extension","US $0.01","US $1.83","99","2435","//ae01.alicdn.com/kf/Hf899ed4357fe47cc8318056d37dbc7db8.jpg_350x350.jpg","//www.aliexpress.com/item/1005001661155301.html?pdp_ext_f=%7B%22sku_id%22:%2212000017032039697%22,%22ship_from%22:%22CN%22%7D&gps-id=5547572&scm=1007.19201.130907.0&scm_id=1007.19201.130907.0&scm-url=1007.19201.130907.0&pvid=acfb97ed-94fa-41a4-9ad4-1b06088b77d8","0.0","4.9"
"1005002466096506","222011717","Straight Lace Front Human Hair Wigs for Women 30 40 Inch Brazilian Natural Hd Glueless Full Transparent 13x4 Lace Frontal Wig","US $96.88","US $193.76","50","887","//ae01.alicdn.com/kf/Hd8120477fe9b4fa1ba640c030aa5fca6a.jpg_350x350.jpg","//www.aliexpress.com/item/1005002466096506.html?pdp_ext_f=%7B%22sku_id%22:%2212000021441369547%22,%22ship_from%22:%22US%22%7D&gps-id=5547572&scm=1007.19201.130907.0&scm_id=1007.19201.130907.0&scm-url=1007.19201.130907.0&pvid=acfb97ed-94fa-41a4-9ad4-1b06088b77d8","0.0","5.0"
"1005002034148124","120456550","Bob Wig Short Brazilian Bone Straight Cheap Human Hair Wigs For Black Women Black Wig T Part Lace Bob Human Hair Wig Pre Plucked","US $56.84","US $116.00","51","1468","//ae01.alicdn.com/kf/H8c55b5afedd14d48b65beb974505d13bL.jpg_350x350.jpg","//www.aliexpress.com/item/1005002034148124.html?pdp_ext_f=%7B%22sku_id%22:%2212000018486794744%22,%22ship_from%22:%22US%22%7D&gps-id=5547572&scm=1007.19201.130907.0&scm_id=1007.19201.130907.0&scm-url=1007.19201.130907.0&pvid=acfb97ed-94fa-41a4-9ad4-1b06088b77d8","0.0","4.8"
"1005002821799036","243490362","World Premiere Xiaomi Redmi Buds 3 Pro TWS Bluetooth Earphones Wireless headphones 35dB ANC Dual-device  Redmi Airdots 3 Pro","US $49.99","US $99.98","50","8260","//ae01.alicdn.com/kf/He7e58a948a4d46a88f9510a7524160fbZ.jpg_350x350.jpg","//www.aliexpress.com/item/1005002821799036.html?pdp_ext_f=%7B%22sku_id%22:%2212000022344467449%22,%22ship_from%22:%22CN%22%7D&gps-id=5547572&scm=1007.19201.130907.0&scm_id=1007.19201.130907.0&scm-url=1007.19201.130907.0&pvid=acfb97ed-94fa-41a4-9ad4-1b06088b77d8","0.0","0.0"
"1005002613570665","251648108","30Pcs/Set 3D Colorful Butterfly Nail Foil Stickers Flower Brand Designs Self Adhesive Decals Manicure Nail Art Decorations","US $0.99","US $6.76","85","2862","//ae01.alicdn.com/kf/H96aac8f7e6fe4f4a9b48f10c43619002J.jpg_350x350.jpg","//www.aliexpress.com/item/1005002613570665.html?pdp_ext_f=%7B%22sku_id%22:%2212000021398470716%22,%22ship_from%22:%22CN%22%7D&gps-id=5547572&scm=1007.19201.130907.0&scm_id=1007.19201.130907.0&scm-url=1007.19201.130907.0&pvid=acfb97ed-94fa-41a4-9ad4-1b06088b77d8","0.0","4.8"
"4000517004580","228754193","Deep Tissue Muscle Massage Gun Body Shoulder Back Neck Massager Exercising Athletes Relaxation Slimming Shaping Pain Relief","US $41.09","US $102.72","60","32484","//ae01.alicdn.com/kf/H52b540a8f64144fc9842032a1439ea041.jpg_350x350.jpg","//www.aliexpress.com/item/4000517004580.html?pdp_ext_f=%7B%22sku_id%22:%2212000016191808432%22,%22ship_from%22:%22ES%22%7D&gps-id=5547572&scm=1007.19201.130907.0&scm_id=1007.19201.130907.0&scm-url=1007.19201.130907.0&pvid=acfb97ed-94fa-41a4-9ad4-1b06088b77d8","0.0","4.9"
"32982338666","232071719","CURREN Casual Sport Watches for Men Blue Top Brand Luxury Military Leather Wrist Watch Man Clock Fashion Chronograph Wristwatch","US $19.19","US $239.90","92","11752","//ae01.alicdn.com/kf/H391b315a25064cfcbe5a2341dd12f8d51.jpg_350x350.jpg","//www.aliexpress.com/item/32982338666.html?pdp_ext_f=%7B%22sku_id%22:%2212000020564056666%22,%22ship_from%22:%22CN%22%7D&gps-id=5547572&scm=1007.19201.130907.0&scm_id=1007.19201.130907.0&scm-url=1007.19201.130907.0&pvid=acfb97ed-94fa-41a4-9ad4-1b06088b77d8","0.0","4.8"
"1005002278750230","248285832","LIGE 2021 New Smart Watch Men Full Touch Screen Sport Fitness Watch IP67 Waterproof Bluetooth For Android ios smartwatch Men+box","US $22.21","US $138.83","84","24450","//ae01.alicdn.com/kf/H3194642cf29641eab1becd4353c1841dk.jpg_350x350.jpg","//www.aliexpress.com/item/1005002278750230.html?pdp_ext_f=%7B%22sku_id%22:%2212000019885913794%22,%22ship_from%22:%22ES%22%7D&gps-id=5547572&scm=1007.19201.130907.0&scm_id=1007.19201.130907.0&scm-url=1007.19201.130907.0&pvid=acfb97ed-94fa-41a4-9ad4-1b06088b77d8","0.0","4.7"
"33053423333","228190410","Women Casual Shoes Fashion Breathable Walking Mesh Flat Shoes Woman White Sneakers Women 2020 Tenis Feminino Female Shoes","US $8.72","US $23.57","63","10950","//ae01.alicdn.com/kf/H7a51b41c93474ec5be4e5c923dc06558x.jpg_350x350.jpg","//www.aliexpress.com/item/33053423333.html?pdp_ext_f=%7B%22sku_id%22:%2210000006274586913%22,%22ship_from%22:%22%22%7D&gps-id=5547572&scm=1007.19201.130907.0&scm_id=1007.19201.130907.0&scm-url=1007.19201.130907.0&pvid=acfb97ed-94fa-41a4-9ad4-1b06088b77d8","0.0","4.8"
"1005001571582464","238075576","Men's Belt Army Outdoor Hunting Tactical Multi Function Combat Survival High Quality Marine Corps Canvas For Nylon Male Luxury","US $1.99","US $9.98","80","48238","//ae01.alicdn.com/kf/H360c95696eb74abfb9d0baa905d6c41eK.jpg_350x350.jpg","//www.aliexpress.com/item/1005001571582464.html?pdp_ext_f=%7B%22sku_id%22:%2212000021414832519%22,%22ship_from%22:%22CN%22%7D&gps-id=5547572&scm=1007.19201.130907.0&scm_id=1007.19201.130907.0&scm-url=1007.19201.130907.0&pvid=acfb97ed-94fa-41a4-9ad4-1b06088b77d8","0.0","4.7"
"1005001882938728","231289141","5/10 Pair 3D Mink Eyelashes Fluffy Dramatic Eyelashes Makeup Wispy Mink Lashes Natural Long False Eyelashes Thick Fake Lashes","US $1.79","US $3.19","44","3584","//ae01.alicdn.com/kf/Hacf7682e968d48ccad31659553836de2N.jpg_350x350.jpg","//www.aliexpress.com/item/1005001882938728.html?pdp_ext_f=%7B%22sku_id%22:%2212000018006255478%22,%22ship_from%22:%22%22%7D&gps-id=5547572&scm=1007.19201.130907.0&scm_id=1007.19201.130907.0&scm-url=1007.19201.130907.0&pvid=acfb97ed-94fa-41a4-9ad4-1b06088b77d8","0.0","4.9"
"1005001723025465","231002238","TWS Bluetooth 5.0 Earphones 3500mAh Charging Box Wireless Headphone 9D Stereo Sports Waterproof Earbuds Headsets With Microphone","US $6.27","US $24.12","74","53158","//ae01.alicdn.com/kf/H340b9f25ca8a4cbd83917726c5b7dc71j.jpg_350x350.jpg","//www.aliexpress.com/item/1005001723025465.html?pdp_ext_f=%7B%22sku_id%22:%2212000018639214201%22,%22ship_from%22:%22%22%7D&gps-id=5547572&scm=1007.19201.130907.0&scm_id=1007.19201.130907.0&scm-url=1007.19201.130907.0&pvid=acfb97ed-94fa-41a4-9ad4-1b06088b77d8","0.0","4.8"
"1005001661155301","244132036","GROINNEYA Eyelashes 5/8/10/20 pairs 3D Faux Mink Lashes Natural False Eyelashes Dramatic Volume Lashes Makeup Eyelash Extension","US $0.01","US $1.83","99","2435","//ae01.alicdn.com/kf/Hf899ed4357fe47cc8318056d37dbc7db8.jpg_350x350.jpg","//www.aliexpress.com/item/1005001661155301.html?pdp_ext_f=%7B%22sku_id%22:%2212000017032039697%22,%22ship_from%22:%22CN%22%7D&gps-id=5547572&scm=1007.19201.130907.0&scm_id=1007.19201.130907.0&scm-url=1007.19201.130907.0&pvid=acfb97ed-94fa-41a4-9ad4-1b06088b77d8","0.0","4.9"
"1005002466096506","222011717","Straight Lace Front Human Hair Wigs for Women 30 40 Inch Brazilian Natural Hd Glueless Full Transparent 13x4 Lace Frontal Wig","US $96.88","US $193.76","50","887","//ae01.alicdn.com/kf/Hd8120477fe9b4fa1ba640c030aa5fca6a.jpg_350x350.jpg","//www.aliexpress.com/item/1005002466096506.html?pdp_ext_f=%7B%22sku_id%22:%2212000021441369547%22,%22ship_from%22:%22US%22%7D&gps-id=5547572&scm=1007.19201.130907.0&scm_id=1007.19201.130907.0&scm-url=1007.19201.130907.0&pvid=acfb97ed-94fa-41a4-9ad4-1b06088b77d8","0.0","5.0"
"1005002034148124","120456550","Bob Wig Short Brazilian Bone Straight Cheap Human Hair Wigs For Black Women Black Wig T Part Lace Bob Human Hair Wig Pre Plucked","US $56.84","US $116.00","51","1468","//ae01.alicdn.com/kf/H8c55b5afedd14d48b65beb974505d13bL.jpg_350x350.jpg","//www.aliexpress.com/item/1005002034148124.html?pdp_ext_f=%7B%22sku_id%22:%2212000018486794744%22,%22ship_from%22:%22US%22%7D&gps-id=5547572&scm=1007.19201.130907.0&scm_id=1007.19201.130907.0&scm-url=1007.19201.130907.0&pvid=acfb97ed-94fa-41a4-9ad4-1b06088b77d8","0.0","4.8"
"1005002821799036","243490362","World Premiere Xiaomi Redmi Buds 3 Pro TWS Bluetooth Earphones Wireless headphones 35dB ANC Dual-device  Redmi Airdots 3 Pro","US $49.99","US $99.98","50","8260","//ae01.alicdn.com/kf/He7e58a948a4d46a88f9510a7524160fbZ.jpg_350x350.jpg","//www.aliexpress.com/item/1005002821799036.html?pdp_ext_f=%7B%22sku_id%22:%2212000022344467449%22,%22ship_from%22:%22CN%22%7D&gps-id=5547572&scm=1007.19201.130907.0&scm_id=1007.19201.130907.0&scm-url=1007.19201.130907.0&pvid=acfb97ed-94fa-41a4-9ad4-1b06088b77d8","0.0","0.0"
"1005002613570665","251648108","30Pcs/Set 3D Colorful Butterfly Nail Foil Stickers Flower Brand Designs Self Adhesive Decals Manicure Nail Art Decorations","US $0.99","US $6.76","85","2862","//ae01.alicdn.com/kf/H96aac8f7e6fe4f4a9b48f10c43619002J.jpg_350x350.jpg","//www.aliexpress.com/item/1005002613570665.html?pdp_ext_f=%7B%22sku_id%22:%2212000021398470716%22,%22ship_from%22:%22CN%22%7D&gps-id=5547572&scm=1007.19201.130907.0&scm_id=1007.19201.130907.0&scm-url=1007.19201.130907.0&pvid=acfb97ed-94fa-41a4-9ad4-1b06088b77d8","0.0","4.8"
"4000517004580","228754193","Deep Tissue Muscle Massage Gun Body Shoulder Back Neck Massager Exercising Athletes Relaxation Slimming Shaping Pain Relief","US $41.09","US $102.72","60","32484","//ae01.alicdn.com/kf/H52b540a8f64144fc9842032a1439ea041.jpg_350x350.jpg","//www.aliexpress.com/item/4000517004580.html?pdp_ext_f=%7B%22sku_id%22:%2212000016191808432%22,%22ship_from%22:%22ES%22%7D&gps-id=5547572&scm=1007.19201.130907.0&scm_id=1007.19201.130907.0&scm-url=1007.19201.130907.0&pvid=acfb97ed-94fa-41a4-9ad4-1b06088b77d8","0.0","4.9"
"32982338666","232071719","CURREN Casual Sport Watches for Men Blue Top Brand Luxury Military Leather Wrist Watch Man Clock Fashion Chronograph Wristwatch","US $19.19","US $239.90","92","11752","//ae01.alicdn.com/kf/H391b315a25064cfcbe5a2341dd12f8d51.jpg_350x350.jpg","//www.aliexpress.com/item/32982338666.html?pdp_ext_f=%7B%22sku_id%22:%2212000020564056666%22,%22ship_from%22:%22CN%22%7D&gps-id=5547572&scm=1007.19201.130907.0&scm_id=1007.19201.130907.0&scm-url=1007.19201.130907.0&pvid=acfb97ed-94fa-41a4-9ad4-1b06088b77d8","0.0","4.8"
"1005002278750230","248285832","LIGE 2021 New Smart Watch Men Full Touch Screen Sport Fitness Watch IP67 Waterproof Bluetooth For Android ios smartwatch Men+box","US $22.21","US $138.83","84","24450","//ae01.alicdn.com/kf/H3194642cf29641eab1becd4353c1841dk.jpg_350x350.jpg","//www.aliexpress.com/item/1005002278750230.html?pdp_ext_f=%7B%22sku_id%22:%2212000019885913794%22,%22ship_from%22:%22ES%22%7D&gps-id=5547572&scm=1007.19201.130907.0&scm_id=1007.19201.130907.0&scm-url=1007.19201.130907.0&pvid=acfb97ed-94fa-41a4-9ad4-1b06088b77d8","0.0","4.7"
"33053423333","228190410","Women Casual Shoes Fashion Breathable Walking Mesh Flat Shoes Woman White Sneakers Women 2020 Tenis Feminino Female Shoes","US $8.72","US $23.57","63","10950","//ae01.alicdn.com/kf/H7a51b41c93474ec5be4e5c923dc06558x.jpg_350x350.jpg","//www.aliexpress.com/item/33053423333.html?pdp_ext_f=%7B%22sku_id%22:%2210000006274586913%22,%22ship_from%22:%22%22%7D&gps-id=5547572&scm=1007.19201.130907.0&scm_id=1007.19201.130907.0&scm-url=1007.19201.130907.0&pvid=acfb97ed-94fa-41a4-9ad4-1b06088b77d8","0.0","4.8"
"1005001571582464","238075576","Men's Belt Army Outdoor Hunting Tactical Multi Function Combat Survival High Quality Marine Corps Canvas For Nylon Male Luxury","US $1.99","US $9.98","80","48238","//ae01.alicdn.com/kf/H360c95696eb74abfb9d0baa905d6c41eK.jpg_350x350.jpg","//www.aliexpress.com/item/1005001571582464.html?pdp_ext_f=%7B%22sku_id%22:%2212000021414832519%22,%22ship_from%22:%22CN%22%7D&gps-id=5547572&scm=1007.19201.130907.0&scm_id=1007.19201.130907.0&scm-url=1007.19201.130907.0&pvid=acfb97ed-94fa-41a4-9ad4-1b06088b77d8","0.0","4.7"
"1005001882938728","231289141","5/10 Pair 3D Mink Eyelashes Fluffy Dramatic Eyelashes Makeup Wispy Mink Lashes Natural Long False Eyelashes Thick Fake Lashes","US $1.79","US $3.19","44","3584","//ae01.alicdn.com/kf/Hacf7682e968d48ccad31659553836de2N.jpg_350x350.jpg","//www.aliexpress.com/item/1005001882938728.html?pdp_ext_f=%7B%22sku_id%22:%2212000018006255478%22,%22ship_from%22:%22%22%7D&gps-id=5547572&scm=1007.19201.130907.0&scm_id=1007.19201.130907.0&scm-url=1007.19201.130907.0&pvid=acfb97ed-94fa-41a4-9ad4-1b06088b77d8","0.0","4.9"
"1005001723025465","231002238","TWS Bluetooth 5.0 Earphones 3500mAh Charging Box Wireless Headphone 9D Stereo Sports Waterproof Earbuds Headsets With Microphone","US $6.27","US $24.12","74","53073","//ae01.alicdn.com/kf/H340b9f25ca8a4cbd83917726c5b7dc71j.jpg_350x350.jpg","//aliexpress.ru/item/1005001723025465.html?pdp_ext_f=%7B%22sku_id%22:%2212000018639214201%22,%22ship_from%22:%22%22%7D&gps-id=5547572&scm=1007.19201.130907.0&scm_id=1007.19201.130907.0&scm-url=1007.19201.130907.0&pvid=cff1d271-a0f8-4c52-84ca-aa4120939aad","0.0","4.8"
"1005001661155301","244132036","GROINNEYA Eyelashes 5/8/10/20 pairs 3D Faux Mink Lashes Natural False Eyelashes Dramatic Volume Lashes Makeup Eyelash Extension","US $0.01","US $1.83","99","2422","//ae01.alicdn.com/kf/Hf899ed4357fe47cc8318056d37dbc7db8.jpg_350x350.jpg","//aliexpress.ru/item/1005001661155301.html?pdp_ext_f=%7B%22sku_id%22:%2212000017032039697%22,%22ship_from%22:%22CN%22%7D&gps-id=5547572&scm=1007.19201.130907.0&scm_id=1007.19201.130907.0&scm-url=1007.19201.130907.0&pvid=cff1d271-a0f8-4c52-84ca-aa4120939aad","0.0","4.9"
"1005002466096506","222011717","Straight Lace Front Human Hair Wigs for Women 30 40 Inch Brazilian Natural Hd Glueless Full Transparent 13x4 Lace Frontal Wig","US $96.88","US $193.76","50","873","//ae01.alicdn.com/kf/Hd8120477fe9b4fa1ba640c030aa5fca6a.jpg_350x350.jpg","//aliexpress.ru/item/1005002466096506.html?pdp_ext_f=%7B%22sku_id%22:%2212000021441369547%22,%22ship_from%22:%22US%22%7D&gps-id=5547572&scm=1007.19201.130907.0&scm_id=1007.19201.130907.0&scm-url=1007.19201.130907.0&pvid=cff1d271-a0f8-4c52-84ca-aa4120939aad","0.0","5.0"
"1005002034148124","120456550","Bob Wig Short Brazilian Bone Straight Cheap Human Hair Wigs For Black Women Black Wig T Part Lace Bob Human Hair Wig Pre Plucked","US $56.84","US $116.00","51","1440","//ae01.alicdn.com/kf/H8c55b5afedd14d48b65beb974505d13bL.jpg_350x350.jpg","//aliexpress.ru/item/1005002034148124.html?pdp_ext_f=%7B%22sku_id%22:%2212000018486794744%22,%22ship_from%22:%22US%22%7D&gps-id=5547572&scm=1007.19201.130907.0&scm_id=1007.19201.130907.0&scm-url=1007.19201.130907.0&pvid=cff1d271-a0f8-4c52-84ca-aa4120939aad","0.0","4.8"
"1005002821799036","243490362","World Premiere Xiaomi Redmi Buds 3 Pro TWS Bluetooth Earphones Wireless headphones 35dB ANC Dual-device  Redmi Airdots 3 Pro","US $49.99","US $99.98","50","8143","//ae01.alicdn.com/kf/He7e58a948a4d46a88f9510a7524160fbZ.jpg_350x350.jpg","//aliexpress.ru/item/1005002821799036.html?pdp_ext_f=%7B%22sku_id%22:%2212000022344467449%22,%22ship_from%22:%22CN%22%7D&gps-id=5547572&scm=1007.19201.130907.0&scm_id=1007.19201.130907.0&scm-url=1007.19201.130907.0&pvid=cff1d271-a0f8-4c52-84ca-aa4120939aad","0.0","0.0"
"1005002613570665","251648108","30Pcs/Set 3D Colorful Butterfly Nail Foil Stickers Flower Brand Designs Self Adhesive Decals Manicure Nail Art Decorations","US $0.99","US $6.76","85","2856","//ae01.alicdn.com/kf/H96aac8f7e6fe4f4a9b48f10c43619002J.jpg_350x350.jpg","//aliexpress.ru/item/1005002613570665.html?pdp_ext_f=%7B%22sku_id%22:%2212000021398470716%22,%22ship_from%22:%22CN%22%7D&gps-id=5547572&scm=1007.19201.130907.0&scm_id=1007.19201.130907.0&scm-url=1007.19201.130907.0&pvid=cff1d271-a0f8-4c52-84ca-aa4120939aad","0.0","4.8"
"4000517004580","228754193","Deep Tissue Muscle Massage Gun Body Shoulder Back Neck Massager Exercising Athletes Relaxation Slimming Shaping Pain Relief","US $41.09","US $102.72","60","32468","//ae01.alicdn.com/kf/H52b540a8f64144fc9842032a1439ea041.jpg_350x350.jpg","//aliexpress.ru/item/4000517004580.html?pdp_ext_f=%7B%22sku_id%22:%2212000016191808432%22,%22ship_from%22:%22ES%22%7D&gps-id=5547572&scm=1007.19201.130907.0&scm_id=1007.19201.130907.0&scm-url=1007.19201.130907.0&pvid=cff1d271-a0f8-4c52-84ca-aa4120939aad","0.0","4.9"
"32982338666","232071719","CURREN Casual Sport Watches for Men Blue Top Brand Luxury Military Leather Wrist Watch Man Clock Fashion Chronograph Wristwatch","US $19.19","US $239.90","92","11748","//ae01.alicdn.com/kf/H391b315a25064cfcbe5a2341dd12f8d51.jpg_350x350.jpg","//aliexpress.ru/item/32982338666.html?pdp_ext_f=%7B%22sku_id%22:%2212000020564056666%22,%22ship_from%22:%22CN%22%7D&gps-id=5547572&scm=1007.19201.130907.0&scm_id=1007.19201.130907.0&scm-url=1007.19201.130907.0&pvid=cff1d271-a0f8-4c52-84ca-aa4120939aad","0.0","4.8"
"1005002278750230","248285832","LIGE 2021 New Smart Watch Men Full Touch Screen Sport Fitness Watch IP67 Waterproof Bluetooth For Android ios smartwatch Men+box","US $22.21","US $138.83","84","24417","//ae01.alicdn.com/kf/H3194642cf29641eab1becd4353c1841dk.jpg_350x350.jpg","//aliexpress.ru/item/1005002278750230.html?pdp_ext_f=%7B%22sku_id%22:%2212000019885913794%22,%22ship_from%22:%22ES%22%7D&gps-id=5547572&scm=1007.19201.130907.0&scm_id=1007.19201.130907.0&scm-url=1007.19201.130907.0&pvid=cff1d271-a0f8-4c52-84ca-aa4120939aad","0.0","4.7"
"33053423333","228190410","Women Casual Shoes Fashion Breathable Walking Mesh Flat Shoes Woman White Sneakers Women 2020 Tenis Feminino Female Shoes","US $8.72","US $23.57","63","10938","//ae01.alicdn.com/kf/H7a51b41c93474ec5be4e5c923dc06558x.jpg_350x350.jpg","//aliexpress.ru/item/33053423333.html?pdp_ext_f=%7B%22sku_id%22:%2210000006274586913%22,%22ship_from%22:%22%22%7D&gps-id=5547572&scm=1007.19201.130907.0&scm_id=1007.19201.130907.0&scm-url=1007.19201.130907.0&pvid=cff1d271-a0f8-4c52-84ca-aa4120939aad","0.0","4.8"
"1005001571582464","238075576","Men's Belt Army Outdoor Hunting Tactical Multi Function Combat Survival High Quality Marine Corps Canvas For Nylon Male Luxury","US $1.99","US $9.98","80","48215","//ae01.alicdn.com/kf/H360c95696eb74abfb9d0baa905d6c41eK.jpg_350x350.jpg","//aliexpress.ru/item/1005001571582464.html?pdp_ext_f=%7B%22sku_id%22:%2212000021414832519%22,%22ship_from%22:%22CN%22%7D&gps-id=5547572&scm=1007.19201.130907.0&scm_id=1007.19201.130907.0&scm-url=1007.19201.130907.0&pvid=cff1d271-a0f8-4c52-84ca-aa4120939aad","0.0","4.7"
"1005001882938728","231289141","5/10 Pair 3D Mink Eyelashes Fluffy Dramatic Eyelashes Makeup Wispy Mink Lashes Natural Long False Eyelashes Thick Fake Lashes","US $1.79","US $3.19","44","3579","//ae01.alicdn.com/kf/Hacf7682e968d48ccad31659553836de2N.jpg_350x350.jpg","//aliexpress.ru/item/1005001882938728.html?pdp_ext_f=%7B%22sku_id%22:%2212000018006255478%22,%22ship_from%22:%22%22%7D&gps-id=5547572&scm=1007.19201.130907.0&scm_id=1007.19201.130907.0&scm-url=1007.19201.130907.0&pvid=cff1d271-a0f8-4c52-84ca-aa4120939aad","0.0","4.9"
"1005001723025465","231002238","TWS Bluetooth 5.0 Earphones 3500mAh Charging Box Wireless Headphone 9D Stereo Sports Waterproof Earbuds Headsets With Microphone","US $6.27","US $24.12","74","53158","//ae01.alicdn.com/kf/H340b9f25ca8a4cbd83917726c5b7dc71j.jpg_350x350.jpg","//www.aliexpress.com/item/1005001723025465.html?pdp_ext_f=%7B%22sku_id%22:%2212000018639214201%22,%22ship_from%22:%22%22%7D&gps-id=5547572&scm=1007.19201.130907.0&scm_id=1007.19201.130907.0&scm-url=1007.19201.130907.0&pvid=acfb97ed-94fa-41a4-9ad4-1b06088b77d8","0.0","4.8"
"1005001661155301","244132036","GROINNEYA Eyelashes 5/8/10/20 pairs 3D Faux Mink Lashes Natural False Eyelashes Dramatic Volume Lashes Makeup Eyelash Extension","US $0.01","US $1.83","99","2435","//ae01.alicdn.com/kf/Hf899ed4357fe47cc8318056d37dbc7db8.jpg_350x350.jpg","//www.aliexpress.com/item/1005001661155301.html?pdp_ext_f=%7B%22sku_id%22:%2212000017032039697%22,%22ship_from%22:%22CN%22%7D&gps-id=5547572&scm=1007.19201.130907.0&scm_id=1007.19201.130907.0&scm-url=1007.19201.130907.0&pvid=acfb97ed-94fa-41a4-9ad4-1b06088b77d8","0.0","4.9"
"1005002466096506","222011717","Straight Lace Front Human Hair Wigs for Women 30 40 Inch Brazilian Natural Hd Glueless Full Transparent 13x4 Lace Frontal Wig","US $96.88","US $193.76","50","887","//ae01.alicdn.com/kf/Hd8120477fe9b4fa1ba640c030aa5fca6a.jpg_350x350.jpg","//www.aliexpress.com/item/1005002466096506.html?pdp_ext_f=%7B%22sku_id%22:%2212000021441369547%22,%22ship_from%22:%22US%22%7D&gps-id=5547572&scm=1007.19201.130907.0&scm_id=1007.19201.130907.0&scm-url=1007.19201.130907.0&pvid=acfb97ed-94fa-41a4-9ad4-1b06088b77d8","0.0","5.0"
"1005002034148124","120456550","Bob Wig Short Brazilian Bone Straight Cheap Human Hair Wigs For Black Women Black Wig T Part Lace Bob Human Hair Wig Pre Plucked","US $56.84","US $116.00","51","1468","//ae01.alicdn.com/kf/H8c55b5afedd14d48b65beb974505d13bL.jpg_350x350.jpg","//www.aliexpress.com/item/1005002034148124.html?pdp_ext_f=%7B%22sku_id%22:%2212000018486794744%22,%22ship_from%22:%22US%22%7D&gps-id=5547572&scm=1007.19201.130907.0&scm_id=1007.19201.130907.0&scm-url=1007.19201.130907.0&pvid=acfb97ed-94fa-41a4-9ad4-1b06088b77d8","0.0","4.8"
"1005002821799036","243490362","World Premiere Xiaomi Redmi Buds 3 Pro TWS Bluetooth Earphones Wireless headphones 35dB ANC Dual-device  Redmi Airdots 3 Pro","US $49.99","US $99.98","50","8260","//ae01.alicdn.com/kf/He7e58a948a4d46a88f9510a7524160fbZ.jpg_350x350.jpg","//www.aliexpress.com/item/1005002821799036.html?pdp_ext_f=%7B%22sku_id%22:%2212000022344467449%22,%22ship_from%22:%22CN%22%7D&gps-id=5547572&scm=1007.19201.130907.0&scm_id=1007.19201.130907.0&scm-url=1007.19201.130907.0&pvid=acfb97ed-94fa-41a4-9ad4-1b06088b77d8","0.0","0.0"
"1005002613570665","251648108","30Pcs/Set 3D Colorful Butterfly Nail Foil Stickers Flower Brand Designs Self Adhesive Decals Manicure Nail Art Decorations","US $0.99","US $6.76","85","2862","//ae01.alicdn.com/kf/H96aac8f7e6fe4f4a9b48f10c43619002J.jpg_350x350.jpg","//www.aliexpress.com/item/1005002613570665.html?pdp_ext_f=%7B%22sku_id%22:%2212000021398470716%22,%22ship_from%22:%22CN%22%7D&gps-id=5547572&scm=1007.19201.130907.0&scm_id=1007.19201.130907.0&scm-url=1007.19201.130907.0&pvid=acfb97ed-94fa-41a4-9ad4-1b06088b77d8","0.0","4.8"
"4000517004580","228754193","Deep Tissue Muscle Massage Gun Body Shoulder Back Neck Massager Exercising Athletes Relaxation Slimming Shaping Pain Relief","US $41.09","US $102.72","60","32484","//ae01.alicdn.com/kf/H52b540a8f64144fc9842032a1439ea041.jpg_350x350.jpg","//www.aliexpress.com/item/4000517004580.html?pdp_ext_f=%7B%22sku_id%22:%2212000016191808432%22,%22ship_from%22:%22ES%22%7D&gps-id=5547572&scm=1007.19201.130907.0&scm_id=1007.19201.130907.0&scm-url=1007.19201.130907.0&pvid=acfb97ed-94fa-41a4-9ad4-1b06088b77d8","0.0","4.9"
"32982338666","232071719","CURREN Casual Sport Watches for Men Blue Top Brand Luxury Military Leather Wrist Watch Man Clock Fashion Chronograph Wristwatch","US $19.19","US $239.90","92","11752","//ae01.alicdn.com/kf/H391b315a25064cfcbe5a2341dd12f8d51.jpg_350x350.jpg","//www.aliexpress.com/item/32982338666.html?pdp_ext_f=%7B%22sku_id%22:%2212000020564056666%22,%22ship_from%22:%22CN%22%7D&gps-id=5547572&scm=1007.19201.130907.0&scm_id=1007.19201.130907.0&scm-url=1007.19201.130907.0&pvid=acfb97ed-94fa-41a4-9ad4-1b06088b77d8","0.0","4.8"
"1005002278750230","248285832","LIGE 2021 New Smart Watch Men Full Touch Screen Sport Fitness Watch IP67 Waterproof Bluetooth For Android ios smartwatch Men+box","US $22.21","US $138.83","84","24450","//ae01.alicdn.com/kf/H3194642cf29641eab1becd4353c1841dk.jpg_350x350.jpg","//www.aliexpress.com/item/1005002278750230.html?pdp_ext_f=%7B%22sku_id%22:%2212000019885913794%22,%22ship_from%22:%22ES%22%7D&gps-id=5547572&scm=1007.19201.130907.0&scm_id=1007.19201.130907.0&scm-url=1007.19201.130907.0&pvid=acfb97ed-94fa-41a4-9ad4-1b06088b77d8","0.0","4.7"
"33053423333","228190410","Women Casual Shoes Fashion Breathable Walking Mesh Flat Shoes Woman White Sneakers Women 2020 Tenis Feminino Female Shoes","US $8.72","US $23.57","63","10950","//ae01.alicdn.com/kf/H7a51b41c93474ec5be4e5c923dc06558x.jpg_350x350.jpg","//www.aliexpress.com/item/33053423333.html?pdp_ext_f=%7B%22sku_id%22:%2210000006274586913%22,%22ship_from%22:%22%22%7D&gps-id=5547572&scm=1007.19201.130907.0&scm_id=1007.19201.130907.0&scm-url=1007.19201.130907.0&pvid=acfb97ed-94fa-41a4-9ad4-1b06088b77d8","0.0","4.8"
"1005001571582464","238075576","Men's Belt Army Outdoor Hunting Tactical Multi Function Combat Survival High Quality Marine Corps Canvas For Nylon Male Luxury","US $1.99","US $9.98","80","48238","//ae01.alicdn.com/kf/H360c95696eb74abfb9d0baa905d6c41eK.jpg_350x350.jpg","//www.aliexpress.com/item/1005001571582464.html?pdp_ext_f=%7B%22sku_id%22:%2212000021414832519%22,%22ship_from%22:%22CN%22%7D&gps-id=5547572&scm=1007.19201.130907.0&scm_id=1007.19201.130907.0&scm-url=1007.19201.130907.0&pvid=acfb97ed-94fa-41a4-9ad4-1b06088b77d8","0.0","4.7"
"1005001882938728","231289141","5/10 Pair 3D Mink Eyelashes Fluffy Dramatic Eyelashes Makeup Wispy Mink Lashes Natural Long False Eyelashes Thick Fake Lashes","US $1.79","US $3.19","44","3584","//ae01.alicdn.com/kf/Hacf7682e968d48ccad31659553836de2N.jpg_350x350.jpg","//www.aliexpress.com/item/1005001882938728.html?pdp_ext_f=%7B%22sku_id%22:%2212000018006255478%22,%22ship_from%22:%22%22%7D&gps-id=5547572&scm=1007.19201.130907.0&scm_id=1007.19201.130907.0&scm-url=1007.19201.130907.0&pvid=acfb97ed-94fa-41a4-9ad4-1b06088b77d8","0.0","4.9"
"1005001723025465","231002238","TWS Bluetooth 5.0 Earphones 3500mAh Charging Box Wireless Headphone 9D Stereo Sports Waterproof Earbuds Headsets With Microphone","US $6.27","US $24.12","74","53073","//ae01.alicdn.com/kf/H340b9f25ca8a4cbd83917726c5b7dc71j.jpg_350x350.jpg","//aliexpress.ru/item/1005001723025465.html?pdp_ext_f=%7B%22sku_id%22:%2212000018639214201%22,%22ship_from%22:%22%22%7D&gps-id=5547572&scm=1007.19201.130907.0&scm_id=1007.19201.130907.0&scm-url=1007.19201.130907.0&pvid=cff1d271-a0f8-4c52-84ca-aa4120939aad","0.0","4.8"
"1005001661155301","244132036","GROINNEYA Eyelashes 5/8/10/20 pairs 3D Faux Mink Lashes Natural False Eyelashes Dramatic Volume Lashes Makeup Eyelash Extension","US $0.01","US $1.83","99","2422","//ae01.alicdn.com/kf/Hf899ed4357fe47cc8318056d37dbc7db8.jpg_350x350.jpg","//aliexpress.ru/item/1005001661155301.html?pdp_ext_f=%7B%22sku_id%22:%2212000017032039697%22,%22ship_from%22:%22CN%22%7D&gps-id=5547572&scm=1007.19201.130907.0&scm_id=1007.19201.130907.0&scm-url=1007.19201.130907.0&pvid=cff1d271-a0f8-4c52-84ca-aa4120939aad","0.0","4.9"
"1005002466096506","222011717","Straight Lace Front Human Hair Wigs for Women 30 40 Inch Brazilian Natural Hd Glueless Full Transparent 13x4 Lace Frontal Wig","US $96.88","US $193.76","50","873","//ae01.alicdn.com/kf/Hd8120477fe9b4fa1ba640c030aa5fca6a.jpg_350x350.jpg","//aliexpress.ru/item/1005002466096506.html?pdp_ext_f=%7B%22sku_id%22:%2212000021441369547%22,%22ship_from%22:%22US%22%7D&gps-id=5547572&scm=1007.19201.130907.0&scm_id=1007.19201.130907.0&scm-url=1007.19201.130907.0&pvid=cff1d271-a0f8-4c52-84ca-aa4120939aad","0.0","5.0"
"1005002034148124","120456550","Bob Wig Short Brazilian Bone Straight Cheap Human Hair Wigs For Black Women Black Wig T Part Lace Bob Human Hair Wig Pre Plucked","US $56.84","US $116.00","51","1440","//ae01.alicdn.com/kf/H8c55b5afedd14d48b65beb974505d13bL.jpg_350x350.jpg","//aliexpress.ru/item/1005002034148124.html?pdp_ext_f=%7B%22sku_id%22:%2212000018486794744%22,%22ship_from%22:%22US%22%7D&gps-id=5547572&scm=1007.19201.130907.0&scm_id=1007.19201.130907.0&scm-url=1007.19201.130907.0&pvid=cff1d271-a0f8-4c52-84ca-aa4120939aad","0.0","4.8"
"1005002821799036","243490362","World Premiere Xiaomi Redmi Buds 3 Pro TWS Bluetooth Earphones Wireless headphones 35dB ANC Dual-device  Redmi Airdots 3 Pro","US $49.99","US $99.98","50","8143","//ae01.alicdn.com/kf/He7e58a948a4d46a88f9510a7524160fbZ.jpg_350x350.jpg","//aliexpress.ru/item/1005002821799036.html?pdp_ext_f=%7B%22sku_id%22:%2212000022344467449%22,%22ship_from%22:%22CN%22%7D&gps-id=5547572&scm=1007.19201.130907.0&scm_id=1007.19201.130907.0&scm-url=1007.19201.130907.0&pvid=cff1d271-a0f8-4c52-84ca-aa4120939aad","0.0","0.0"
"1005002613570665","251648108","30Pcs/Set 3D Colorful Butterfly Nail Foil Stickers Flower Brand Designs Self Adhesive Decals Manicure Nail Art Decorations","US $0.99","US $6.76","85","2856","//ae01.alicdn.com/kf/H96aac8f7e6fe4f4a9b48f10c43619002J.jpg_350x350.jpg","//aliexpress.ru/item/1005002613570665.html?pdp_ext_f=%7B%22sku_id%22:%2212000021398470716%22,%22ship_from%22:%22CN%22%7D&gps-id=5547572&scm=1007.19201.130907.0&scm_id=1007.19201.130907.0&scm-url=1007.19201.130907.0&pvid=cff1d271-a0f8-4c52-84ca-aa4120939aad","0.0","4.8"
"4000517004580","228754193","Deep Tissue Muscle Massage Gun Body Shoulder Back Neck Massager Exercising Athletes Relaxation Slimming Shaping Pain Relief","US $41.09","US $102.72","60","32468","//ae01.alicdn.com/kf/H52b540a8f64144fc9842032a1439ea041.jpg_350x350.jpg","//aliexpress.ru/item/4000517004580.html?pdp_ext_f=%7B%22sku_id%22:%2212000016191808432%22,%22ship_from%22:%22ES%22%7D&gps-id=5547572&scm=1007.19201.130907.0&scm_id=1007.19201.130907.0&scm-url=1007.19201.130907.0&pvid=cff1d271-a0f8-4c52-84ca-aa4120939aad","0.0","4.9"
"32982338666","232071719","CURREN Casual Sport Watches for Men Blue Top Brand Luxury Military Leather Wrist Watch Man Clock Fashion Chronograph Wristwatch","US $19.19","US $239.90","92","11748","//ae01.alicdn.com/kf/H391b315a25064cfcbe5a2341dd12f8d51.jpg_350x350.jpg","//aliexpress.ru/item/32982338666.html?pdp_ext_f=%7B%22sku_id%22:%2212000020564056666%22,%22ship_from%22:%22CN%22%7D&gps-id=5547572&scm=1007.19201.130907.0&scm_id=1007.19201.130907.0&scm-url=1007.19201.130907.0&pvid=cff1d271-a0f8-4c52-84ca-aa4120939aad","0.0","4.8"
"1005002278750230","248285832","LIGE 2021 New Smart Watch Men Full Touch Screen Sport Fitness Watch IP67 Waterproof Bluetooth For Android ios smartwatch Men+box","US $22.21","US $138.83","84","24417","//ae01.alicdn.com/kf/H3194642cf29641eab1becd4353c1841dk.jpg_350x350.jpg","//aliexpress.ru/item/1005002278750230.html?pdp_ext_f=%7B%22sku_id%22:%2212000019885913794%22,%22ship_from%22:%22ES%22%7D&gps-id=5547572&scm=1007.19201.130907.0&scm_id=1007.19201.130907.0&scm-url=1007.19201.130907.0&pvid=cff1d271-a0f8-4c52-84ca-aa4120939aad","0.0","4.7"
"33053423333","228190410","Women Casual Shoes Fashion Breathable Walking Mesh Flat Shoes Woman White Sneakers Women 2020 Tenis Feminino Female Shoes","US $8.72","US $23.57","63","10938","//ae01.alicdn.com/kf/H7a51b41c93474ec5be4e5c923dc06558x.jpg_350x350.jpg","//aliexpress.ru/item/33053423333.html?pdp_ext_f=%7B%22sku_id%22:%2210000006274586913%22,%22ship_from%22:%22%22%7D&gps-id=5547572&scm=1007.19201.130907.0&scm_id=1007.19201.130907.0&scm-url=1007.19201.130907.0&pvid=cff1d271-a0f8-4c52-84ca-aa4120939aad","0.0","4.8"
"1005001571582464","238075576","Men's Belt Army Outdoor Hunting Tactical Multi Function Combat Survival High Quality Marine Corps Canvas For Nylon Male Luxury","US $1.99","US $9.98","80","48215","//ae01.alicdn.com/kf/H360c95696eb74abfb9d0baa905d6c41eK.jpg_350x350.jpg","//aliexpress.ru/item/1005001571582464.html?pdp_ext_f=%7B%22sku_id%22:%2212000021414832519%22,%22ship_from%22:%22CN%22%7D&gps-id=5547572&scm=1007.19201.130907.0&scm_id=1007.19201.130907.0&scm-url=1007.19201.130907.0&pvid=cff1d271-a0f8-4c52-84ca-aa4120939aad","0.0","4.7"
"1005001882938728","231289141","5/10 Pair 3D Mink Eyelashes Fluffy Dramatic Eyelashes Makeup Wispy Mink Lashes Natural Long False Eyelashes Thick Fake Lashes","US $1.79","US $3.19","44","3579","//ae01.alicdn.com/kf/Hacf7682e968d48ccad31659553836de2N.jpg_350x350.jpg","//aliexpress.ru/item/1005001882938728.html?pdp_ext_f=%7B%22sku_id%22:%2212000018006255478%22,%22ship_from%22:%22%22%7D&gps-id=5547572&scm=1007.19201.130907.0&scm_id=1007.19201.130907.0&scm-url=1007.19201.130907.0&pvid=cff1d271-a0f8-4c52-84ca-aa4120939aad","0.0","4.9"
"1005001723025465","231002238","TWS Bluetooth 5.0 Earphones 3500mAh Charging Box Wireless Headphone 9D Stereo Sports Waterproof Earbuds Headsets With Microphone","US $6.27","US $24.12","74","53073","//ae01.alicdn.com/kf/H340b9f25ca8a4cbd83917726c5b7dc71j.jpg_350x350.jpg","//aliexpress.ru/item/1005001723025465.html?pdp_ext_f=%7B%22sku_id%22:%2212000018639214201%22,%22ship_from%22:%22%22%7D&gps-id=5547572&scm=1007.19201.130907.0&scm_id=1007.19201.130907.0&scm-url=1007.19201.130907.0&pvid=cff1d271-a0f8-4c52-84ca-aa4120939aad","0.0","4.8"
"1005001661155301","244132036","GROINNEYA Eyelashes 5/8/10/20 pairs 3D Faux Mink Lashes Natural False Eyelashes Dramatic Volume Lashes Makeup Eyelash Extension","US $0.01","US $1.83","99","2422","//ae01.alicdn.com/kf/Hf899ed4357fe47cc8318056d37dbc7db8.jpg_350x350.jpg","//aliexpress.ru/item/1005001661155301.html?pdp_ext_f=%7B%22sku_id%22:%2212000017032039697%22,%22ship_from%22:%22CN%22%7D&gps-id=5547572&scm=1007.19201.130907.0&scm_id=1007.19201.130907.0&scm-url=1007.19201.130907.0&pvid=cff1d271-a0f8-4c52-84ca-aa4120939aad","0.0","4.9"
"1005002466096506","222011717","Straight Lace Front Human Hair Wigs for Women 30 40 Inch Brazilian Natural Hd Glueless Full Transparent 13x4 Lace Frontal Wig","US $96.88","US $193.76","50","873","//ae01.alicdn.com/kf/Hd8120477fe9b4fa1ba640c030aa5fca6a.jpg_350x350.jpg","//aliexpress.ru/item/1005002466096506.html?pdp_ext_f=%7B%22sku_id%22:%2212000021441369547%22,%22ship_from%22:%22US%22%7D&gps-id=5547572&scm=1007.19201.130907.0&scm_id=1007.19201.130907.0&scm-url=1007.19201.130907.0&pvid=cff1d271-a0f8-4c52-84ca-aa4120939aad","0.0","5.0"
"1005002034148124","120456550","Bob Wig Short Brazilian Bone Straight Cheap Human Hair Wigs For Black Women Black Wig T Part Lace Bob Human Hair Wig Pre Plucked","US $56.84","US $116.00","51","1440","//ae01.alicdn.com/kf/H8c55b5afedd14d48b65beb974505d13bL.jpg_350x350.jpg","//aliexpress.ru/item/1005002034148124.html?pdp_ext_f=%7B%22sku_id%22:%2212000018486794744%22,%22ship_from%22:%22US%22%7D&gps-id=5547572&scm=1007.19201.130907.0&scm_id=1007.19201.130907.0&scm-url=1007.19201.130907.0&pvid=cff1d271-a0f8-4c52-84ca-aa4120939aad","0.0","4.8"
"1005002821799036","243490362","World Premiere Xiaomi Redmi Buds 3 Pro TWS Bluetooth Earphones Wireless headphones 35dB ANC Dual-device  Redmi Airdots 3 Pro","US $49.99","US $99.98","50","8143","//ae01.alicdn.com/kf/He7e58a948a4d46a88f9510a7524160fbZ.jpg_350x350.jpg","//aliexpress.ru/item/1005002821799036.html?pdp_ext_f=%7B%22sku_id%22:%2212000022344467449%22,%22ship_from%22:%22CN%22%7D&gps-id=5547572&scm=1007.19201.130907.0&scm_id=1007.19201.130907.0&scm-url=1007.19201.130907.0&pvid=cff1d271-a0f8-4c52-84ca-aa4120939aad","0.0","0.0"
